diode,ip,pw,rw,cl,epush_pJ,epull_pJ,ecyc1_pJ,ecyc2_pJ,ecycT_pJ,railA_V,railB_V,rail_ok_0.25
ID,0.2m,0.5n,100,0.5p,0.0113,0.0113,0.0113,-0.0043,0.0070,0.0223,-0.0223,N
ID,0.2m,0.5n,100,1p,0.0078,0.0078,0.0078,-0.0023,0.0055,0.0140,-0.0140,N
ID,0.2m,0.5n,500,0.5p,0.0204,0.0204,0.0204,0.0048,0.0252,0.0223,-0.0223,N
ID,0.2m,0.5n,500,1p,0.0169,0.0169,0.0169,0.0068,0.0238,0.0140,-0.0140,N
ID,0.2m,10n,100,0.5p,1.5182,1.5182,1.5182,1.0416,2.5598,0.0995,-0.0995,N
ID,0.2m,10n,100,1p,1.3804,1.3804,1.3804,0.6269,2.0073,0.0988,-0.0988,N
ID,0.2m,10n,500,0.5p,1.6995,1.6995,1.6995,1.2229,2.9224,0.0995,-0.0995,N
ID,0.2m,10n,500,1p,1.5617,1.5617,1.5617,0.8082,2.3699,0.0988,-0.0988,N
ID,0.2m,1n,100,0.5p,0.0387,0.0387,0.0387,-0.0234,0.0153,0.0244,-0.0244,N
ID,0.2m,1n,100,1p,0.0260,0.0260,0.0260,-0.0144,0.0116,0.0151,-0.0151,N
ID,0.2m,1n,500,0.5p,0.0569,0.0569,0.0569,-0.0053,0.0517,0.0244,-0.0244,N
ID,0.2m,1n,500,1p,0.0442,0.0442,0.0442,0.0038,0.0480,0.0151,-0.0151,N
ID,0.2m,3n,100,0.5p,0.2923,0.2923,0.2923,-0.0497,0.2426,0.0729,-0.0729,N
ID,0.2m,3n,100,1p,0.2008,0.2008,0.2008,-0.1442,0.0566,0.0193,-0.0193,N
ID,0.2m,3n,500,0.5p,0.3467,0.3467,0.3467,0.0047,0.3515,0.0729,-0.0729,N
ID,0.2m,3n,500,1p,0.2552,0.2552,0.2552,-0.0898,0.1654,0.0193,-0.0193,N
ID,0.5m,0.5n,100,0.5p,0.0703,0.0703,0.0703,-0.0267,0.0437,0.0588,-0.0588,N
ID,0.5m,0.5n,100,1p,0.0489,0.0489,0.0489,-0.0143,0.0346,0.0361,-0.0361,N
ID,0.5m,0.5n,500,0.5p,0.1273,0.1273,0.1273,0.0304,0.1577,0.0588,-0.0588,N
ID,0.5m,0.5n,500,1p,0.1059,0.1059,0.1059,0.0428,0.1486,0.0361,-0.0361,N
ID,0.5m,10n,100,0.5p,5.2833,5.2834,5.2833,4.7007,9.9840,0.2495,-0.2495,N
ID,0.5m,10n,100,1p,5.0504,5.0504,5.0504,4.1213,9.1717,0.2493,-0.2493,N
ID,0.5m,10n,500,0.5p,6.4166,6.4166,6.4166,5.8340,12.2506,0.2495,-0.2495,N
ID,0.5m,10n,500,1p,6.1837,6.1837,6.1837,5.2546,11.4383,0.2493,-0.2493,N
ID,0.5m,1n,100,0.5p,0.2398,0.2398,0.2398,-0.0508,0.1890,0.0934,-0.0934,N
ID,0.5m,1n,100,1p,0.1625,0.1625,0.1625,-0.0883,0.0742,0.0418,-0.0418,N
ID,0.5m,1n,500,0.5p,0.3535,0.3535,0.3535,0.0629,0.4163,0.0934,-0.0934,N
ID,0.5m,1n,500,1p,0.2762,0.2762,0.2762,0.0254,0.3016,0.0418,-0.0418,N
ID,0.5m,3n,100,0.5p,1.2963,1.2963,1.2963,0.7874,2.0837,0.2430,-0.2430,N
ID,0.5m,3n,100,1p,1.0795,1.0795,1.0795,0.3202,1.3997,0.2125,-0.2125,N
ID,0.5m,3n,500,0.5p,1.6364,1.6364,1.6364,1.1275,2.7639,0.2430,-0.2430,N
ID,0.5m,3n,500,1p,1.4196,1.4196,1.4196,0.6603,2.0799,0.2125,-0.2125,N
ID,1m,0.5n,100,0.5p,0.2801,0.2801,0.2801,-0.0107,0.2694,0.1426,-0.1426,N
ID,1m,0.5n,100,1p,0.1953,0.1953,0.1953,-0.0553,0.1401,0.0766,-0.0766,N
ID,1m,0.5n,500,0.5p,0.5081,0.5081,0.5081,0.2174,0.7255,0.1426,-0.1426,N
ID,1m,0.5n,500,1p,0.4233,0.4233,0.4233,0.1729,0.5962,0.0766,-0.0766,N
ID,1m,10n,100,0.5p,14.6246,14.6246,14.6246,13.8959,28.5205,0.4994,-0.4994,Y
ID,1m,10n,100,1p,14.1999,14.1998,14.1999,13.0140,27.2138,0.4993,-0.4993,Y
ID,1m,10n,500,0.5p,19.1577,19.1577,19.1577,18.4290,37.5867,0.4994,-0.4994,Y
ID,1m,10n,500,1p,18.7330,18.7329,18.7330,17.5471,36.2800,0.4993,-0.4993,Y
ID,1m,1n,100,0.5p,0.8715,0.8715,0.8715,0.3627,1.2342,0.3594,-0.3594,Y
ID,1m,1n,100,1p,0.6387,0.6387,0.6387,0.0429,0.6816,0.1921,-0.1921,N
ID,1m,1n,500,0.5p,1.3264,1.3264,1.3264,0.8175,2.1438,0.3594,-0.3594,Y
ID,1m,1n,500,1p,1.0935,1.0935,1.0935,0.4976,1.5911,0.1921,-0.1921,N
ID,1m,3n,100,0.5p,3.8500,3.8500,3.8500,3.2066,7.0566,0.4953,-0.4953,Y
ID,1m,3n,100,1p,3.4136,3.4136,3.4136,2.3919,5.8055,0.4742,-0.4742,Y
ID,1m,3n,500,0.5p,5.2104,5.2104,5.2104,4.5670,9.7774,0.4953,-0.4953,Y
ID,1m,3n,500,1p,4.7740,4.7740,4.7740,3.7523,8.5263,0.4742,-0.4742,Y
SC,0.2m,0.5n,100,0.5p,0.0113,0.0113,0.0113,-0.0039,0.0073,0.0224,-0.0224,N
SC,0.2m,0.5n,100,1p,0.0078,0.0078,0.0078,-0.0022,0.0056,0.0140,-0.0140,N
SC,0.2m,0.5n,500,0.5p,0.0204,0.0204,0.0204,0.0052,0.0256,0.0224,-0.0224,N
SC,0.2m,0.5n,500,1p,0.0169,0.0169,0.0169,0.0069,0.0238,0.0140,-0.0140,N
SC,0.2m,10n,100,0.5p,0.9968,0.9968,0.9968,0.8861,1.8829,0.0998,-0.0998,N
SC,0.2m,10n,100,1p,0.9419,0.9420,0.9419,0.7558,1.6977,0.0997,-0.0997,N
SC,0.2m,10n,500,0.5p,1.1781,1.1781,1.1781,1.0674,2.2455,0.0998,-0.0998,N
SC,0.2m,10n,500,1p,1.1233,1.1233,1.1233,0.9371,2.0604,0.0997,-0.0997,N
SC,0.2m,1n,100,0.5p,0.0386,0.0386,0.0386,-0.0065,0.0320,0.0289,-0.0289,N
SC,0.2m,1n,100,1p,0.0260,0.0260,0.0260,-0.0126,0.0134,0.0154,-0.0154,N
SC,0.2m,1n,500,0.5p,0.0568,0.0568,0.0568,0.0117,0.0684,0.0289,-0.0289,N
SC,0.2m,1n,500,1p,0.0442,0.0442,0.0442,0.0055,0.0498,0.0154,-0.0154,N
SC,0.2m,3n,100,0.5p,0.2308,0.2308,0.2308,0.1382,0.3690,0.0934,-0.0934,N
SC,0.2m,3n,100,1p,0.1836,0.1836,0.1836,0.0471,0.2307,0.0713,-0.0713,N
SC,0.2m,3n,500,0.5p,0.2852,0.2852,0.2852,0.1926,0.4778,0.0934,-0.0934,N
SC,0.2m,3n,500,1p,0.2380,0.2380,0.2380,0.1015,0.3395,0.0713,-0.0713,N
SC,0.5m,0.5n,100,0.5p,0.0698,0.0698,0.0698,0.0127,0.0825,0.0736,-0.0736,N
SC,0.5m,0.5n,100,1p,0.0488,0.0488,0.0488,-0.0070,0.0418,0.0369,-0.0369,N
SC,0.5m,0.5n,500,0.5p,0.1268,0.1268,0.1268,0.0697,0.1965,0.0736,-0.0736,N
SC,0.5m,0.5n,500,1p,0.1058,0.1058,0.1058,0.0500,0.1558,0.0369,-0.0369,N
SC,0.5m,10n,100,0.5p,3.8059,3.8059,3.8059,3.6589,7.4648,0.2497,-0.2497,N
SC,0.5m,10n,100,1p,3.6873,3.6873,3.6873,3.4326,7.1199,0.2497,-0.2497,N
SC,0.5m,10n,500,0.5p,4.9392,4.9392,4.9392,4.7921,9.7313,0.2497,-0.2497,N
SC,0.5m,10n,500,1p,4.8206,4.8206,4.8206,4.5658,9.3864,0.2497,-0.2497,N
SC,0.5m,1n,100,0.5p,0.2177,0.2177,0.2177,0.1193,0.3369,0.1698,-0.1698,N
SC,0.5m,1n,100,1p,0.1591,0.1591,0.1591,0.0371,0.1962,0.0913,-0.0913,N
SC,0.5m,1n,500,0.5p,0.3314,0.3314,0.3314,0.2330,0.5643,0.1698,-0.1698,N
SC,0.5m,1n,500,1p,0.2728,0.2728,0.2728,0.1508,0.4236,0.0913,-0.0913,N
SC,0.5m,3n,100,0.5p,0.9892,0.9892,0.9892,0.8608,1.8500,0.2466,-0.2466,N
SC,0.5m,3n,100,1p,0.8695,0.8695,0.8695,0.6559,1.5253,0.2328,-0.2328,N
SC,0.5m,3n,500,0.5p,1.3294,1.3294,1.3294,1.2009,2.5302,0.2466,-0.2466,N
SC,0.5m,3n,500,1p,1.2096,1.2096,1.2096,0.9959,2.2055,0.2328,-0.2328,N
SC,1m,0.5n,100,0.5p,0.2659,0.2659,0.2659,0.1610,0.4269,0.2456,-0.2456,N
SC,1m,0.5n,100,1p,0.1936,0.1936,0.1936,0.0704,0.2639,0.1233,-0.1233,N
SC,1m,0.5n,500,0.5p,0.4939,0.4939,0.4939,0.3891,0.8830,0.2456,-0.2456,N
SC,1m,0.5n,500,1p,0.4216,0.4216,0.4216,0.2985,0.7201,0.1233,-0.1233,N
SC,1m,10n,100,0.5p,11.5377,11.5377,11.5377,11.3497,22.8874,0.4995,-0.4995,Y
SC,1m,10n,100,1p,11.2793,11.2793,11.2793,10.9322,22.2115,0.4995,-0.4995,Y
SC,1m,10n,500,0.5p,16.0708,16.0709,16.0708,15.8828,31.9536,0.4995,-0.4995,Y
SC,1m,10n,500,1p,15.8124,15.8124,15.8124,15.4653,31.2776,0.4995,-0.4995,Y
SC,1m,1n,100,0.5p,0.7576,0.7576,0.7576,0.6076,1.3652,0.4063,-0.4063,Y
SC,1m,1n,100,1p,0.5905,0.5905,0.5905,0.3780,0.9685,0.2944,-0.2944,Y
SC,1m,1n,500,0.5p,1.2124,1.2124,1.2124,1.0623,2.2747,0.4063,-0.4063,Y
SC,1m,1n,500,1p,1.0453,1.0453,1.0453,0.8328,1.8781,0.2944,-0.2944,Y
SC,1m,3n,100,0.5p,3.1182,3.1182,3.1182,2.9403,6.0584,0.4971,-0.4971,Y
SC,1m,3n,100,1p,2.8263,2.8263,2.8263,2.5215,5.3478,0.4836,-0.4836,Y
SC,1m,3n,500,0.5p,4.4787,4.4787,4.4787,4.3006,8.7793,0.4971,-0.4971,Y
SC,1m,3n,500,1p,4.1868,4.1868,4.1868,3.8818,8.0686,0.4836,-0.4836,Y
